week_date,actual,pred_xgb_ensemble,is_live
2000-01-03,1.252,1.9049497,0
2000-01-10,1.268,1.3323207,0
2000-01-17,1.307,1.2496489,0
2000-01-24,1.307,1.2704753,0
2000-01-31,1.319,1.3419307,0
2000-02-07,1.35,1.3742199,0
2000-02-14,1.4,1.406786,0
2000-02-21,1.413,1.4195685,0
2000-02-28,1.49,1.482029,0
2000-03-06,1.511,1.4772006,0
2000-03-13,1.508,1.5118831,0
2000-03-20,1.484,1.5128827,0
2000-03-27,1.478,1.4773139,0
2000-04-03,1.447,1.4516827,0
2000-04-10,1.415,1.4566307,0
2000-04-17,1.406,1.4576225,0
2000-04-24,1.386,1.4469299,0
2000-05-01,1.427,1.4461703,0
2000-05-08,1.466,1.44375,0
2000-05-15,1.494,1.4900408,0
2000-05-22,1.509,1.5020913,0
2000-05-29,1.535,1.5252475,0
2000-06-05,1.607,1.5330435,0
2000-06-12,1.664,1.5779551,0
2000-06-19,1.641,1.6206784,0
2000-06-26,1.606,1.6462275,0
2000-07-03,1.571,1.6014757,0
2000-07-10,1.521,1.5681533,0
2000-07-17,1.499,1.5213695,0
2000-07-24,1.447,1.4624518,0
2000-07-31,1.437,1.4690799,0
2000-08-07,1.42,1.4491391,0
2000-08-14,1.444,1.4555358,0
2000-08-21,1.456,1.452025,0
2000-08-28,1.502,1.4921974,0
2000-09-04,1.535,1.4962956,0
2000-09-11,1.539,1.5281748,0
2000-09-18,1.525,1.5622078,0
2000-09-25,1.498,1.5492377,0
2000-10-02,1.473,1.4893364,0
2000-10-09,1.516,1.4908272,0
2000-10-16,1.532,1.4835763,0
2000-10-23,1.523,1.5230085,0
2000-10-30,1.502,1.5245233,0
2000-11-06,1.501,1.4956928,0
2000-11-13,1.487,1.4633812,0
2000-11-20,1.489,1.4739078,0
2000-11-27,1.464,1.4635304,0
2000-12-04,1.425,1.4816651,0
2000-12-11,1.396,1.427165,0
2000-12-18,1.388,1.4015568,0
2000-12-25,1.377,1.4198518,0
2001-01-01,1.4,1.4036907,0
2001-01-08,1.458,1.407389,0
2001-01-15,1.456,1.4569616,0
2001-01-22,1.446,1.485919,0
2001-01-29,1.426,1.4682573,0
2001-02-05,1.46,1.4602019,0
2001-02-12,1.429,1.4400812,0
2001-02-19,1.41,1.4730567,0
2001-02-26,1.393,1.4326774,0
2001-03-05,1.387,1.4201292,0
2001-03-12,1.377,1.4112965,0
2001-03-19,1.379,1.4288121,0
2001-03-26,1.411,1.40475,0
2001-04-02,1.469,1.4597386,0
2001-04-09,1.535,1.505565,0
2001-04-16,1.586,1.5421919,0
2001-04-23,1.585,1.5870215,0
2001-04-30,1.659,1.6364546,0
2001-05-07,1.663,1.6450402,0
2001-05-14,1.637,1.6455587,0
2001-05-21,1.656,1.6339821,0
2001-05-28,1.63,1.6266489,0
2001-06-04,1.58,1.6219031,0
2001-06-11,1.526,1.559874,0
2001-06-18,1.454,1.4980812,0
2001-06-25,1.384,1.4293419,0
2001-07-02,1.35,1.4001745,0
2001-07-09,1.33,1.3361706,0
2001-07-16,1.318,1.3491195,0
2001-07-23,1.319,1.3545365,0
2001-07-30,1.319,1.3349351,0
2001-08-06,1.347,1.372558,0
2001-08-13,1.399,1.3787402,0
2001-08-20,1.48,1.4242014,0
2001-08-27,1.538,1.4743913,0
2001-09-03,1.511,1.4870758,0
2001-09-10,1.516,1.5264469,0
2001-09-17,1.46,1.451698,0
2001-09-24,1.381,1.4480983,0
2001-10-01,1.31,1.328445,0
2001-10-08,1.264,1.2732626,0
2001-10-15,1.221,1.2357292,0
2001-10-22,1.193,1.181733,0
2001-10-29,1.17,1.1757203,0
2001-11-05,1.147,1.1688429,0
2001-11-12,1.14,1.1445733,0
2001-11-19,1.097,1.1303133,0
2001-11-26,1.084,1.1193086,0
2001-12-03,1.075,1.1158406,0
2001-12-10,1.042,1.12154,0
2001-12-17,1.063,1.1104883,0
2001-12-24,1.096,1.1143373,0
2001-12-31,1.109,1.1312227,0
2002-01-07,1.099,1.1355375,0
2002-01-14,1.087,1.1336395,0
2002-01-21,1.081,1.1140207,0
2002-01-28,1.098,1.1175443,0
2002-02-04,1.085,1.1293306,0
2002-02-11,1.089,1.1318988,0
2002-02-18,1.087,1.131359,0
2002-02-25,1.118,1.1430225,0
2002-03-04,1.194,1.1704406,0
2002-03-11,1.262,1.2614588,0
2002-03-18,1.308,1.3239664,0
2002-03-25,1.339,1.3399267,0
2002-04-01,1.382,1.3814611,0
2002-04-08,1.368,1.4024442,0
2002-04-15,1.367,1.4044329,0
2002-04-22,1.353,1.3573518,0
2002-04-29,1.356,1.3663025,0
2002-05-06,1.349,1.3612922,0
2002-05-13,1.36,1.3572508,0
2002-05-20,1.348,1.368033,0
2002-05-27,1.353,1.3701209,0
2002-06-03,1.332,1.3525562,0
2002-06-10,1.335,1.3549066,0
2002-06-17,1.342,1.3328772,0
2002-06-24,1.357,1.3585402,0
2002-07-01,1.345,1.3610998,0
2002-07-08,1.361,1.3769851,0
2002-07-15,1.381,1.3606691,0
2002-07-22,1.376,1.379075,0
2002-07-29,1.355,1.3921345,0
2002-08-05,1.355,1.3774813,0
2002-08-12,1.357,1.353808,0
2002-08-19,1.365,1.3643812,0
2002-08-26,1.353,1.378583,0
2002-09-02,1.355,1.3795344,0
2002-09-09,1.367,1.3844976,0
2002-09-16,1.357,1.3787489,0
2002-09-23,1.385,1.3899723,0
2002-09-30,1.416,1.3940531,0
2002-10-07,1.422,1.431683,0
2002-10-14,1.443,1.4541041,0
2002-10-21,1.427,1.4424828,0
2002-10-28,1.427,1.4617556,0
2002-11-04,1.406,1.4312404,0
2002-11-11,1.37,1.4046192,0
2002-11-18,1.336,1.3633962,0
2002-11-25,1.316,1.3374839,0
2002-12-02,1.316,1.3350502,0
2002-12-09,1.322,1.3487902,0
2002-12-16,1.371,1.3589238,0
2002-12-23,1.417,1.4045547,0
2002-12-30,1.412,1.4388388,0
2003-01-06,1.423,1.4438385,0
2003-01-13,1.422,1.4494699,0
2003-01-20,1.437,1.4659338,0
2003-01-27,1.499,1.4882365,0
2003-02-03,1.582,1.5169333,0
2003-02-10,1.63,1.5723044,0
2003-02-17,1.617,1.6351823,0
2003-02-24,1.641,1.6681439,0
2003-03-03,1.663,1.6592264,0
2003-03-10,1.673,1.6554633,0
2003-03-17,1.626,1.6602931,0
2003-03-24,1.577,1.6550351,0
2003-03-31,1.557,1.5879622,0
2003-04-07,1.521,1.5430578,0
2003-04-14,1.504,1.4973568,0
2003-04-21,1.486,1.470692,0
2003-04-28,1.441,1.4868733,0
2003-05-05,1.427,1.4443922,0
2003-05-12,1.444,1.4358314,0
2003-05-19,1.439,1.4342327,0
2003-05-26,1.428,1.4585587,0
2003-06-02,1.456,1.4676348,0
2003-06-09,1.48,1.4590874,0
2003-06-16,1.451,1.4813362,0
2003-06-23,1.443,1.4612964,0
2003-06-30,1.448,1.4387172,0
2003-07-07,1.489,1.4616858,0
2003-07-14,1.496,1.4738468,0
2003-07-21,1.488,1.5288626,0
2003-07-28,1.516,1.5240091,0
2003-08-04,1.55,1.502287,0
2003-08-11,1.594,1.5787525,0
2003-08-18,1.693,1.6344725,0
2003-08-25,1.688,1.6732959,0
2003-09-01,1.653,1.7055603,0
2003-09-08,1.636,1.6914129,0
2003-09-15,1.58,1.5916023,0
2003-09-22,1.524,1.5654703,0
2003-09-29,1.511,1.5162522,0
2003-10-06,1.515,1.4938135,0
2003-10-13,1.527,1.5013777,0
2003-10-20,1.499,1.5066843,0
2003-10-27,1.494,1.5144144,0
2003-11-03,1.464,1.4826488,0
2003-11-10,1.459,1.4518151,0
2003-11-17,1.478,1.4552908,0
2003-11-24,1.454,1.462314,0
2003-12-01,1.441,1.4531134,0
2003-12-08,1.433,1.4483465,0
2003-12-15,1.459,1.4675981,0
2003-12-22,1.454,1.4820131,0
2003-12-29,1.492,1.4892254,0
2004-01-05,1.544,1.4994297,0
2004-01-12,1.579,1.5569715,0
2004-01-19,1.604,1.5943946,0
2004-01-26,1.591,1.5792993,0
2004-02-02,1.609,1.6307346,0
2004-02-09,1.617,1.6335893,0
2004-02-16,1.641,1.6420912,0
2004-02-23,1.664,1.6565238,0
2004-03-01,1.69,1.6819872,0
2004-03-08,1.675,1.6995163,0
2004-03-15,1.698,1.7213081,0
2004-03-22,1.716,1.7178907,0
2004-03-29,1.737,1.7404016,0
2004-04-05,1.74,1.751791,0
2004-04-12,1.773,1.7628998,0
2004-04-19,1.774,1.7732204,0
2004-04-26,1.811,1.8265814,0
2004-05-03,1.904,1.836504,0
2004-05-10,1.979,1.9034768,0
2004-05-17,2.026,1.9618363,0
2004-05-24,2.004,2.0122814,0
2004-05-31,1.983,2.0429022,0
2004-06-07,1.926,1.9867138,0
2004-06-14,1.873,1.9348625,0
2004-06-21,1.859,1.8833575,0
2004-06-28,1.835,1.8462378,0
2004-07-05,1.869,1.8294206,0
2004-07-12,1.888,1.8459439,0
2004-07-19,1.861,1.8800974,0
2004-07-26,1.846,1.885979,0
2004-08-02,1.839,1.8423543,0
2004-08-09,1.842,1.8500005,0
2004-08-16,1.854,1.8522311,0
2004-08-23,1.827,1.8557658,0
2004-08-30,1.815,1.8624582,0
2004-09-06,1.813,1.8087443,0
2004-09-13,1.839,1.8548994,0
2004-09-20,1.895,1.8677639,0
2004-09-27,1.902,1.893157,0
2004-10-04,1.949,1.9320794,0
2004-10-11,1.984,1.9291657,0
2004-10-18,1.98,1.9914409,0
2004-10-25,1.986,2.005265,0
2004-11-01,1.951,1.9977525,0
2004-11-08,1.918,1.9489347,0
2004-11-15,1.901,1.9087094,0
2004-11-22,1.903,1.9084584,0
2004-11-29,1.868,1.8797995,0
2004-12-06,1.799,1.8742414,0
2004-12-13,1.777,1.8182793,0
2004-12-20,1.754,1.7478117,0
2004-12-27,1.745,1.7741203,0
2005-01-03,1.771,1.758997,0
2005-01-10,1.802,1.7562218,0
2005-01-17,1.839,1.8238078,0
2005-01-24,1.896,1.8525385,0
2005-01-31,1.89,1.8756971,0
2005-02-07,1.873,1.9119931,0
2005-02-14,1.878,1.8948803,0
2005-02-21,1.904,1.9016968,0
2005-02-28,1.979,1.9275633,0
2005-03-07,2.039,1.9941311,0
2005-03-14,2.095,2.0705886,0
2005-03-21,2.137,2.130984,0
2005-03-28,2.196,2.2324796,0
2005-04-04,2.251,2.2236369,0
2005-04-11,2.198,2.2847583,0
2005-04-18,2.197,2.229416,0
2005-04-25,2.191,2.1730113,0
2005-05-02,2.137,2.234178,0
2005-05-09,2.116,2.1512372,0
2005-05-16,2.077,2.110747,0
2005-05-23,2.051,2.0907185,0
2005-05-30,2.078,2.0923173,0
2005-06-06,2.099,2.102696,0
2005-06-13,2.128,2.1487315,0
2005-06-20,2.186,2.1791048,0
2005-06-27,2.189,2.2286375,0
2005-07-04,2.292,2.2956622,0
2005-07-11,2.272,2.264087,0
2005-07-18,2.235,2.327955,0
2005-07-25,2.239,2.253266,0
2005-08-01,2.323,2.321376,0
2005-08-08,2.519,2.4475229,0
2005-08-15,2.583,2.5443733,0
2005-08-22,2.581,2.664936,0
2005-08-29,3.037,2.8355167,0
2005-09-05,2.912,2.8126848,0
2005-09-12,2.73,2.8106759,0
2005-09-19,2.767,2.7626867,0
2005-09-26,2.922,2.849292,0
2005-10-03,2.828,2.8128064,0
2005-10-10,2.693,2.7554922,0
2005-10-17,2.564,2.5974963,0
2005-10-24,2.438,2.4975865,0
2005-10-31,2.336,2.3245237,0
2005-11-07,2.258,2.2310092,0
2005-11-14,2.168,2.193405,0
2005-11-21,2.124,2.1331732,0
2005-11-28,2.127,2.0864053,0
2005-12-05,2.175,2.1219518,0
2005-12-12,2.205,2.2212465,0
2005-12-19,2.188,2.2604704,0
2005-12-26,2.236,2.2412934,0
2006-01-02,2.321,2.2536697,0
2006-01-09,2.297,2.2994792,0
2006-01-16,2.314,2.3441782,0
2006-01-23,2.332,2.3140242,0
2006-01-30,2.31,2.3351886,0
2006-02-06,2.246,2.3411624,0
2006-02-13,2.205,2.2752798,0
2006-02-20,2.236,2.2123764,0
2006-02-27,2.321,2.2567217,0
2006-03-06,2.355,2.2671535,0
2006-03-13,2.495,2.4276476,0
2006-03-20,2.479,2.4451144,0
2006-03-27,2.567,2.5411801,0
2006-04-03,2.663,2.6269562,0
2006-04-10,2.764,2.7033806,0
2006-04-17,2.881,2.7972057,0
2006-04-24,2.866,2.8608322,0
2006-05-01,2.834,2.8596828,0
2006-05-08,2.871,2.8621922,0
2006-05-15,2.801,2.815366,0
2006-05-22,2.784,2.8279307,0
2006-05-29,2.811,2.784766,0
2006-06-05,2.833,2.8306081,0
2006-06-12,2.793,2.8243866,0
2006-06-19,2.796,2.8054388,0
2006-06-26,2.873,2.7882216,0
2006-07-03,2.91,2.8591862,0
2006-07-10,2.928,2.8866293,0
2006-07-17,2.95,2.9286232,0
2006-07-24,2.955,2.9942799,0
2006-07-31,3.004,2.9817002,0
2006-08-07,2.958,2.9525578,0
2006-08-14,2.877,2.963444,0
2006-08-21,2.8,2.86072,0
2006-08-28,2.68,2.7329457,0
2006-09-04,2.563,2.6055872,0
2006-09-11,2.441,2.4736605,0
2006-09-18,2.32,2.3527744,0
2006-09-25,2.263,2.3072526,0
2006-10-02,2.222,2.1847298,0
2006-10-09,2.195,2.2095146,0
2006-10-16,2.186,2.2179244,0
2006-10-23,2.204,2.2101746,0
2006-10-30,2.189,2.1751292,0
2006-11-06,2.216,2.1985383,0
2006-11-13,2.218,2.2138205,0
2006-11-20,2.221,2.2425058,0
2006-11-27,2.277,2.2421932,0
2006-12-04,2.267,2.3055775,0
2006-12-11,2.29,2.3119457,0
2006-12-18,2.303,2.2769473,0
2006-12-25,2.296,2.3277352,0
2007-01-01,2.258,2.2908745,0
2007-01-08,2.173,2.2618313,0
2007-01-15,2.107,2.1638834,0
2007-01-22,2.119,2.11382,0
2007-01-29,2.151,2.10934,0
2007-02-05,2.198,2.1696436,0
2007-02-12,2.251,2.280137,0
2007-02-19,2.338,2.3148468,0
2007-02-26,2.46,2.3752406,0
2007-03-05,2.499,2.443329,0
2007-03-12,2.511,2.527321,0
2007-03-19,2.54,2.5500767,0
2007-03-26,2.636,2.622468,0
2007-04-02,2.746,2.684283,0
2007-04-09,2.822,2.7714756,0
2007-04-16,2.811,2.816243,0
2007-04-23,2.922,2.8828475,0
2007-04-30,3.002,2.9314907,0
2007-05-07,3.069,3.0738618,0
2007-05-14,3.211,3.1371953,0
2007-05-21,3.195,3.1272094,0
2007-05-28,3.132,3.1668339,0
2007-06-04,3.04,3.1239889,0
2007-06-11,2.974,3.0126762,0
2007-06-18,2.951,2.935683,0
2007-06-25,2.933,2.9728887,0
2007-07-02,2.971,2.982252,0
2007-07-09,3.046,2.9678361,0
2007-07-16,2.938,2.994136,0
2007-07-23,2.849,2.917204,0
2007-07-30,2.816,2.8459165,0
2007-08-06,2.752,2.774707,0
2007-08-13,2.783,2.7200966,0
2007-08-20,2.756,2.7323124,0
2007-08-27,2.818,2.7614543,0
2007-09-03,2.84,2.8114417,0
2007-09-10,2.792,2.8253891,0
2007-09-17,2.816,2.8212998,0
2007-09-24,2.784,2.8097785,0
2007-10-01,2.761,2.818064,0
2007-10-08,2.746,2.7978404,0
2007-10-15,2.806,2.8016627,0
2007-10-22,2.859,2.871215,0
2007-10-29,3.007,2.921633,0
2007-11-05,3.101,3.022927,0
2007-11-12,3.077,3.049895,0
2007-11-19,3.072,3.053749,0
2007-11-26,3.029,3.0321777,0
2007-12-03,2.957,3.030907,0
2007-12-10,2.962,2.9541743,0
2007-12-17,2.943,2.9500606,0
2007-12-24,3.028,3.019022,0
2007-12-31,3.088,3.047509,0
2008-01-07,3.041,3.0851095,0
2008-01-14,2.991,3.063503,0
2008-01-21,2.953,2.9992888,0
2008-01-28,2.966,2.9798753,0
2008-02-04,2.947,2.9702387,0
2008-02-11,3.035,3.0173957,0
2008-02-18,3.115,3.063132,0
2008-02-25,3.137,3.125633,0
2008-03-03,3.2,3.1878273,0
2008-03-10,3.257,3.2549212,0
2008-03-17,3.224,3.2562847,0
2008-03-24,3.259,3.2741444,0
2008-03-31,3.299,3.26799,0
2008-04-07,3.35,3.3188941,0
2008-04-14,3.467,3.4338472,0
2008-04-21,3.566,3.5449648,0
2008-04-28,3.571,3.6338403,0
2008-05-05,3.694,3.6904552,0
2008-05-12,3.762,3.7200139,0
2008-05-19,3.913,3.8594189,0
2008-05-26,3.932,3.8997974,0
2008-06-02,3.979,3.9645472,0
2008-06-09,4.007,3.9659927,0
2008-06-16,4.002,3.9881313,0
2008-06-23,4.027,4.0336957,0
2008-06-30,4.051,4.0113826,0
2008-07-07,4.054,4.006038,0
2008-07-14,4.005,3.9766026,0
2008-07-21,3.896,3.926319,0
2008-07-28,3.828,3.8323278,0
2008-08-04,3.764,3.747903,0
2008-08-11,3.706,3.6955364,0
2008-08-18,3.66,3.6630535,0
2008-08-25,3.667,3.65537,0
2008-09-01,3.637,3.6256082,0
2008-09-08,3.867,3.7799313,0
2008-09-15,3.732,3.6383545,0
2008-09-22,3.644,3.6379178,0
2008-09-29,3.485,3.488638,0
2008-10-06,3.109,3.184335,0
2008-10-13,2.855,2.9163601,0
2008-10-20,2.589,2.5941308,0
2008-10-27,2.34,2.4152577,0
2008-11-03,2.17,2.1518133,0
2008-11-10,2.027,2.0161002,0
2008-11-17,1.857,1.930902,0
2008-11-24,1.79,1.8315783,0
2008-12-01,1.681,1.7426575,0
2008-12-08,1.648,1.6786221,0
2008-12-15,1.635,1.6402249,0
2008-12-22,1.59,1.6427975,0
2008-12-29,1.672,1.6597518,0
2009-01-05,1.772,1.6892515,0
2009-01-12,1.832,1.8086056,0
2009-01-19,1.813,1.8180575,0
2009-01-26,1.871,1.8751091,0
2009-02-02,1.897,1.8893253,0
2009-02-09,1.931,1.9161701,0
2009-02-16,1.868,1.9203314,0
2009-02-23,1.91,1.9573816,0
2009-03-02,1.918,1.8935801,0
2009-03-09,1.885,1.9188738,0
2009-03-16,1.944,1.9608258,0
2009-03-23,2.03,1.9670643,0
2009-03-30,2.011,2.022116,0
2009-04-06,2.025,2.0494664,0
2009-04-13,2.031,2.0556521,0
2009-04-20,2.016,2.069316,0
2009-04-27,2.045,2.0859754,0
2009-05-04,2.218,2.1210384,0
2009-05-11,2.281,2.260883,0
2009-05-18,2.414,2.3901432,0
2009-05-25,2.502,2.4358082,0
2009-06-01,2.6,2.5649908,0
2009-06-08,2.639,2.6161106,0
2009-06-15,2.65,2.5999782,0
2009-06-22,2.593,2.6484725,0
2009-06-29,2.563,2.6031592,0
2009-07-06,2.479,2.504981,0
2009-07-13,2.411,2.4415448,0
2009-07-20,2.46,2.421353,0
2009-07-27,2.511,2.490236,0
2009-08-03,2.596,2.5490286,0
2009-08-10,2.58,2.6047766,0
2009-08-17,2.572,2.5859678,0
2009-08-24,2.553,2.558484,0
2009-08-31,2.519,2.529885,0
2009-09-07,2.499,2.5320714,0
2009-09-14,2.477,2.476221,0
2009-09-21,2.425,2.457712,0
2009-09-28,2.396,2.451115,0
2009-10-05,2.432,2.4128182,0
2009-10-12,2.532,2.4924915,0
2009-10-19,2.641,2.5388417,0
2009-10-26,2.66,2.632932,0
2009-11-02,2.627,2.6654193,0
2009-11-09,2.585,2.6485527,0
2009-11-16,2.603,2.6461098,0
2009-11-23,2.594,2.5756912,0
2009-11-30,2.601,2.5634966,0
2009-12-07,2.56,2.564884,0
2009-12-14,2.546,2.4528286,0
2009-12-21,2.564,2.5042543,0
2009-12-28,2.627,2.5587013,0
2010-01-04,2.717,2.6386812,0
2010-01-11,2.703,2.689845,0
2010-01-18,2.666,2.7140572,0
2010-01-25,2.618,2.6561475,0
2010-02-01,2.611,2.6586735,0
2010-02-08,2.563,2.551935,0
2010-02-15,2.621,2.5681992,0
2010-02-22,2.671,2.5630727,0
2010-03-01,2.721,2.7161624,0
2010-03-08,2.76,2.7318285,0
2010-03-15,2.792,2.7862284,0
2010-03-22,2.765,2.800354,0
2010-03-29,2.795,2.814298,0
2010-04-05,2.829,2.8159091,0
2010-04-12,2.831,2.8582203,0
2010-04-19,2.815,2.8372643,0
2010-04-26,2.864,2.8308277,0
2010-05-03,2.87,2.8647373,0
2010-05-10,2.823,2.8743527,0
2010-05-17,2.741,2.776699,0
2010-05-24,2.679,2.7122288,0
2010-05-31,2.674,2.6751864,0
2010-06-07,2.652,2.673782,0
2010-06-14,2.696,2.676446,0
2010-06-21,2.712,2.7007904,0
2010-06-28,2.676,2.7083912,0
2010-07-05,2.666,2.7022092,0
2010-07-12,2.672,2.6704042,0
2010-07-19,2.703,2.699803,0
2010-07-26,2.687,2.704672,0
2010-08-02,2.74,2.7237482,0
2010-08-09,2.696,2.7242613,0
2010-08-16,2.653,2.7250965,0
2010-08-23,2.64,2.626712,0
2010-08-30,2.647,2.619457,0
2010-09-06,2.695,2.6510682,0
2010-09-13,2.703,2.657996,0
2010-09-20,2.668,2.7162926,0
2010-09-27,2.705,2.7111561,0
2010-10-04,2.793,2.71719,0
2010-10-11,2.795,2.7698905,0
2010-10-18,2.772,2.817525,0
2010-10-25,2.76,2.8166182,0
2010-11-01,2.832,2.7973716,0
2010-11-08,2.849,2.804383,0
2010-11-15,2.828,2.8354375,0
2010-11-22,2.805,2.834441,0
2010-11-29,2.917,2.8249426,0
2010-12-06,2.937,2.877863,0
2010-12-13,2.934,2.9736474,0
2010-12-20,3.015,2.9914036,0
2010-12-27,3.034,3.009842,0
2011-01-03,3.052,3.0472317,0
2011-01-10,3.068,3.0298111,0
2011-01-17,3.074,3.0753632,0
2011-01-24,3.061,3.1101696,0
2011-01-31,3.094,3.0723865,0
2011-02-07,3.095,3.120079,0
2011-02-14,3.141,3.1736686,0
2011-02-21,3.341,3.247906,0
2011-02-28,3.473,3.3459747,0
2011-03-07,3.517,3.4892635,0
2011-03-14,3.507,3.6116724,0
2011-03-21,3.538,3.6107492,0
2011-03-28,3.635,3.6190653,0
2011-04-04,3.743,3.6967866,0
2011-04-11,3.787,3.7759712,0
2011-04-18,3.817,3.8463795,0
2011-04-25,3.906,3.8978732,0
2011-05-02,3.907,3.8888056,0
2011-05-09,3.905,3.8794315,0
2011-05-16,3.788,3.8206298,0
2011-05-23,3.741,3.739611,0
2011-05-30,3.738,3.6947849,0
2011-06-06,3.664,3.653114,0
2011-06-13,3.597,3.6185005,0
2011-06-20,3.513,3.5839074,0
2011-06-27,3.534,3.5638084,0
2011-07-04,3.608,3.5532722,0
2011-07-11,3.648,3.6253698,0
2011-07-18,3.667,3.6249769,0
2011-07-25,3.684,3.6356418,0
2011-08-01,3.646,3.6986454,0
2011-08-08,3.576,3.6385386,0
2011-08-15,3.552,3.5247471,0
2011-08-22,3.601,3.571949,0
2011-08-29,3.643,3.5812066,0
2011-09-05,3.629,3.6044884,0
2011-09-12,3.56,3.598241,0
2011-09-19,3.461,3.4919937,0
2011-09-26,3.381,3.4425533,0
2011-10-03,3.368,3.3925064,0
2011-10-10,3.431,3.3651989,0
2011-10-17,3.415,3.3913507,0
2011-10-24,3.405,3.4464571,0
2011-10-31,3.37,3.4104745,0
2011-11-07,3.388,3.3780441,0
2011-11-14,3.312,3.3509684,0
2011-11-21,3.248,3.3080113,0
2011-11-28,3.24,3.2507188,0
2011-12-05,3.244,3.2221773,0
2011-12-12,3.183,3.2123013,0
2011-12-19,3.213,3.2106426,0
2011-12-26,3.254,3.2109451,0
2012-01-02,3.333,3.2870216,0
2012-01-09,3.342,3.2928467,0
2012-01-16,3.333,3.3475292,0
2012-01-23,3.386,3.375864,0
2012-01-30,3.436,3.3660996,0
2012-02-06,3.466,3.479699,0
2012-02-13,3.523,3.554454,0
2012-02-20,3.641,3.6273632,0
2012-02-27,3.717,3.6461563,0
2012-03-05,3.747,3.732293,0
2012-03-12,3.787,3.7668269,0
2012-03-19,3.843,3.8044472,0
2012-03-26,3.874,3.857662,0
2012-04-02,3.877,3.8571603,0
2012-04-09,3.867,3.8279011,0
2012-04-16,3.805,3.8051434,0
2012-04-23,3.764,3.7622821,0
2012-04-30,3.718,3.7128456,0
2012-05-07,3.658,3.6724465,0
2012-05-14,3.622,3.5910006,0
2012-05-21,3.575,3.567301,0
2012-05-28,3.518,3.5499842,0
2012-06-04,3.489,3.5314686,0
2012-06-11,3.473,3.457826,0
2012-06-18,3.378,3.4054115,0
2012-06-25,3.291,3.3865137,0
2012-07-02,3.357,3.3577263,0
2012-07-09,3.364,3.312848,0
2012-07-16,3.435,3.4240544,0
2012-07-23,3.45,3.4607694,0
2012-07-30,3.606,3.5428677,0
2012-08-06,3.662,3.564965,0
2012-08-13,3.682,3.6431665,0
2012-08-20,3.722,3.687281,0
2012-08-27,3.797,3.7292607,0
2012-09-03,3.799,3.7741604,0
2012-09-10,3.832,3.8095877,0
2012-09-17,3.775,3.744117,0
2012-09-24,3.75,3.7368042,0
2012-10-01,3.742,3.6744926,0
2012-10-08,3.713,3.6414597,0
2012-10-15,3.582,3.6191475,0
2012-10-22,3.48,3.5802748,0
2012-10-29,3.406,3.4290826,0
2012-11-05,3.372,3.3724184,0
2012-11-12,3.36,3.341109,0
2012-11-19,3.382,3.3298378,0
2012-11-26,3.337,3.343858,0
2012-12-03,3.297,3.3136578,0
2012-12-10,3.198,3.2679195,0
2012-12-17,3.205,3.245323,0
2012-12-24,3.245,3.2086592,0
2012-12-31,3.233,3.242069,0
2013-01-07,3.236,3.2839906,0
2013-01-14,3.254,3.268069,0
2013-01-21,3.296,3.2757657,0
2013-01-28,3.471,3.3868911,0
2013-02-04,3.537,3.4485664,0
2013-02-11,3.69,3.6475651,0
2013-02-18,3.722,3.6591218,0
2013-02-25,3.698,3.728857,0
2013-03-04,3.644,3.659228,0
2013-03-11,3.633,3.6119604,0
2013-03-18,3.616,3.6369247,0
2013-03-25,3.572,3.5974038,0
2013-04-01,3.539,3.5413895,0
2013-04-08,3.469,3.524875,0
2013-04-15,3.472,3.5045586,0
2013-04-22,3.455,3.4447558,0
2013-04-29,3.478,3.4707272,0
2013-05-06,3.543,3.516545,0
2013-05-13,3.636,3.5716915,0
2013-05-20,3.601,3.565465,0
2013-05-27,3.61,3.5907142,0
2013-06-03,3.619,3.55572,0
2013-06-10,3.577,3.5263774,0
2013-06-17,3.498,3.550827,0
2013-06-24,3.41,3.519305,0
2013-07-01,3.413,3.4359548,0
2013-07-08,3.57,3.421903,0
2013-07-15,3.612,3.5588777,0
2013-07-22,3.57,3.5804586,0
2013-07-29,3.566,3.5669754,0
2013-08-05,3.493,3.528927,0
2013-08-12,3.496,3.5171165,0
2013-08-19,3.504,3.485841,0
2013-08-26,3.575,3.51814,0
2013-09-02,3.54,3.5158632,0
2013-09-09,3.475,3.5354824,0
2013-09-16,3.425,3.4827907,0
2013-09-23,3.354,3.3787756,0
2013-09-30,3.298,3.3398924,0
2013-10-07,3.296,3.3111703,0
2013-10-14,3.31,3.2654078,0
2013-10-21,3.235,3.2583592,0
2013-10-28,3.209,3.2557757,0
2013-11-04,3.133,3.1798942,0
2013-11-11,3.161,3.1841762,0
2013-11-18,3.241,3.1817768,0
2013-11-25,3.209,3.2074318,0
2013-12-02,3.208,3.2141216,0
2013-12-09,3.165,3.205245,0
2013-12-16,3.198,3.2065775,0
2013-12-23,3.264,3.2132885,0
2013-12-30,3.261,3.2647064,0
2014-01-06,3.267,3.3314774,0
2014-01-13,3.24,3.2611287,0
2014-01-20,3.241,3.2761915,0
2014-01-27,3.243,3.2366428,0
2014-02-03,3.257,3.2705472,0
2014-02-10,3.326,3.2565305,0
2014-02-17,3.394,3.3252916,0
2014-02-24,3.421,3.433646,0
2014-03-03,3.452,3.4760027,0
2014-03-10,3.489,3.5340548,0
2014-03-17,3.487,3.5235841,0
2014-03-24,3.521,3.5388958,0
2014-03-31,3.533,3.5378559,0
2014-04-07,3.581,3.5764253,0
2014-04-14,3.612,3.5733864,0
2014-04-21,3.635,3.6028404,0
2014-04-28,3.606,3.6023216,0
2014-05-05,3.597,3.5920563,0
2014-05-12,3.593,3.5681562,0
2014-05-19,3.607,3.5788038,0
2014-05-26,3.624,3.574507,0
2014-06-02,3.61,3.5904243,0
2014-06-09,3.621,3.579644,0
2014-06-16,3.639,3.570446,0
2014-06-23,3.635,3.592838,0
2014-06-30,3.605,3.6494532,0
2014-07-07,3.56,3.5669634,0
2014-07-14,3.523,3.546141,0
2014-07-21,3.468,3.5107534,0
2014-07-28,3.449,3.5037696,0
2014-08-04,3.447,3.4854794,0
2014-08-11,3.408,3.3966033,0
2014-08-18,3.397,3.4162357,0
2014-08-25,3.41,3.3444126,0
2014-09-01,3.406,3.37764,0
2014-09-08,3.352,3.4181483,0
2014-09-15,3.296,3.3321474,0
2014-09-22,3.304,3.2972744,0
2014-09-29,3.246,3.2617981,0
2014-10-06,3.147,3.2611392,0
2014-10-13,3.07,3.121763,0
2014-10-20,3.016,3.0402966,0
2014-10-27,2.956,2.9765308,0
2014-11-03,2.907,2.9190416,0
2014-11-10,2.856,2.8750591,0
2014-11-17,2.781,2.8440964,0
2014-11-24,2.738,2.7335012,0
2014-12-01,2.634,2.6678982,0
2014-12-08,2.499,2.5279896,0
2014-12-15,2.341,2.387562,0
2014-12-22,2.229,2.2588174,0
2014-12-29,2.136,2.1454084,0
2015-01-05,2.066,2.0766075,0
2015-01-12,1.999,2.0253603,0
2015-01-19,1.982,2.0081882,0
2015-01-26,2.013,1.9982163,0
2015-02-02,2.133,2.0619571,0
2015-02-09,2.206,2.189045,0
2015-02-16,2.256,2.2829633,0
2015-02-23,2.36,2.3411014,0
2015-03-02,2.367,2.3376634,0
2015-03-09,2.339,2.408654,0
2015-03-16,2.347,2.4172108,0
2015-03-23,2.348,2.3376343,0
2015-03-30,2.315,2.3528812,0
2015-04-06,2.317,2.3570883,0
2015-04-13,2.393,2.391001,0
2015-04-20,2.451,2.391382,0
2015-04-27,2.517,2.5027325,0
2015-05-04,2.547,2.6009119,0
2015-05-11,2.604,2.6324027,0
2015-05-18,2.642,2.631723,0
2015-05-25,2.656,2.6482315,0
2015-06-01,2.668,2.6992838,0
2015-06-08,2.744,2.7043686,0
2015-06-15,2.72,2.7045252,0
2015-06-22,2.713,2.7651377,0
2015-06-29,2.702,2.711064,0
2015-07-06,2.694,2.694863,0
2015-07-13,2.661,2.6246526,0
2015-07-20,2.605,2.5850508,0
2015-07-27,2.555,2.5902865,0
2015-08-03,2.505,2.5317822,0
2015-08-10,2.608,2.4948685,0
2015-08-17,2.534,2.4898746,0
2015-08-24,2.406,2.4645026,0
2015-08-31,2.337,2.3318317,0
2015-09-07,2.28,2.3339748,0
2015-09-14,2.237,2.2193792,0
2015-09-21,2.246,2.1838882,0
2015-09-28,2.252,2.219224,0
2015-10-05,2.283,2.2038252,0
2015-10-12,2.22,2.2074609,0
2015-10-19,2.166,2.1999176,0
2015-10-26,2.17,2.1597757,0
2015-11-02,2.172,2.1306984,0
2015-11-09,2.11,2.1374705,0
2015-11-16,2.015,2.1029797,0
2015-11-23,1.974,2.0379093,0
2015-11-30,1.969,1.9911138,0
2015-12-07,1.953,1.9633389,0
2015-12-14,1.929,1.9282404,0
2015-12-21,1.933,1.935638,0
2015-12-28,1.922,1.9131703,0
2016-01-04,1.888,1.9220508,0
2016-01-11,1.81,1.9203607,0
2016-01-18,1.752,1.8074373,0
2016-01-25,1.729,1.7165642,0
2016-02-01,1.663,1.7018809,0
2016-02-08,1.638,1.7011884,0
2016-02-15,1.661,1.658176,0
2016-02-22,1.715,1.6853949,0
2016-02-29,1.782,1.7605025,0
2016-03-07,1.888,1.8363733,0
2016-03-14,1.935,1.9169006,0
2016-03-21,1.976,1.9650723,0
2016-03-28,1.994,2.0153825,0
2016-04-04,1.981,2.0387342,0
2016-04-11,2.053,2.0287292,0
2016-04-18,2.08,2.0659068,0
2016-04-25,2.168,2.1283853,0
2016-05-02,2.143,2.1548464,0
2016-05-09,2.17,2.2358248,0
2016-05-16,2.235,2.1652176,0
2016-05-23,2.281,2.2670736,0
2016-05-30,2.328,2.3144996,0
2016-06-06,2.343,2.3123386,0
2016-06-13,2.29,2.3314133,0
2016-06-20,2.25,2.254339,0
2016-06-27,2.205,2.2786896,0
2016-07-04,2.171,2.187827,0
2016-07-11,2.148,2.1830456,0
2016-07-18,2.105,2.1215892,0
2016-07-25,2.091,2.1139662,0
2016-08-01,2.087,2.0996523,0
2016-08-08,2.096,2.094487,0
2016-08-15,2.136,2.1108239,0
2016-08-22,2.187,2.133909,0
2016-08-29,2.17,2.15388,0
2016-09-05,2.138,2.1812468,0
2016-09-12,2.17,2.1310866,0
2016-09-19,2.166,2.133198,0
2016-09-26,2.184,2.1644638,0
2016-10-03,2.216,2.163089,0
2016-10-10,2.198,2.1952941,0
2016-10-17,2.175,2.2228377,0
2016-10-24,2.159,2.2122025,0
2016-10-31,2.157,2.1822374,0
2016-11-07,2.105,2.137613,0
2016-11-14,2.078,2.1207592,0
2016-11-21,2.079,2.0761778,0
2016-11-28,2.137,2.133395,0
2016-12-05,2.174,2.1421983,0
2016-12-12,2.203,2.2217586,0
2016-12-19,2.254,2.240261,0
2016-12-26,2.319,2.2841892,0
2017-01-02,2.328,2.315133,0
2017-01-09,2.298,2.3203788,0
2017-01-16,2.258,2.2672436,0
2017-01-23,2.224,2.2702665,0
2017-01-30,2.221,2.2580495,0
2017-02-06,2.228,2.2145853,0
2017-02-13,2.224,2.2068672,0
2017-02-20,2.233,2.2636862,0
2017-02-27,2.264,2.251587,0
2017-03-06,2.242,2.2502322,0
2017-03-13,2.238,2.3082514,0
2017-03-20,2.228,2.2674582,0
2017-03-27,2.281,2.3000793,0
2017-04-03,2.351,2.313692,0
2017-04-10,2.356,2.351267,0
2017-04-17,2.372,2.4165971,0
2017-04-24,2.331,2.3747034,0
2017-05-01,2.288,2.3490067,0
2017-05-08,2.283,2.2632084,0
2017-05-15,2.306,2.2534456,0
2017-05-22,2.308,2.3085554,0
2017-05-29,2.325,2.32529,0
2017-06-05,2.276,2.2983763,0
2017-06-12,2.224,2.25379,0
2017-06-19,2.201,2.1896014,0
2017-06-26,2.163,2.1865923,0
2017-07-03,2.21,2.2090547,0
2017-07-10,2.188,2.2143576,0
2017-07-17,2.224,2.227202,0
2017-07-24,2.269,2.260803,0
2017-07-31,2.29,2.2921793,0
2017-08-07,2.301,2.3707752,0
2017-08-14,2.273,2.3336315,0
2017-08-21,2.322,2.3274953,0
2017-08-28,2.604,2.390961,0
2017-09-04,2.61,2.4689054,0
2017-09-11,2.559,2.558534,0
2017-09-18,2.508,2.5061142,0
2017-09-25,2.493,2.4930193,0
2017-10-02,2.426,2.4630182,0
2017-10-09,2.413,2.4035866,0
2017-10-16,2.406,2.3939562,0
2017-10-23,2.41,2.4316554,0
2017-10-30,2.468,2.4531047,0
2017-11-06,2.504,2.4785426,0
2017-11-13,2.48,2.5042973,0
2017-11-20,2.444,2.4718142,0
2017-11-27,2.41,2.4529836,0
2017-12-04,2.401,2.4479015,0
2017-12-11,2.358,2.4038687,0
2017-12-18,2.384,2.4154074,0
2017-12-25,2.436,2.3779888,0
2018-01-01,2.429,2.4378731,0
2018-01-08,2.473,2.470933,0
2018-01-15,2.482,2.4559267,0
2018-01-22,2.516,2.504865,0
2018-01-29,2.544,2.5037124,0
2018-02-05,2.511,2.529855,0
2018-02-12,2.455,2.4948666,0
2018-02-19,2.442,2.4638512,0
2018-02-26,2.462,2.4791403,0
2018-03-05,2.455,2.492334,0
2018-03-12,2.494,2.540037,0
2018-03-19,2.541,2.531097,0
2018-03-26,2.592,2.5439274,0
2018-04-02,2.587,2.6269689,0
2018-04-09,2.644,2.6223795,0
2018-04-16,2.696,2.630501,0
2018-04-23,2.741,2.7374077,0
2018-04-30,2.733,2.7674253,0
2018-05-07,2.786,2.7731812,0
2018-05-14,2.834,2.782224,0
2018-05-21,2.877,2.8374643,0
2018-05-28,2.849,2.849722,0
2018-06-04,2.822,2.8307583,0
2018-06-11,2.79,2.800516,0
2018-06-18,2.745,2.7874012,0
2018-06-25,2.762,2.771362,0
2018-07-02,2.774,2.7656524,0
2018-07-09,2.79,2.7954578,0
2018-07-16,2.754,2.7952645,0
2018-07-23,2.772,2.7624886,0
2018-07-30,2.781,2.7890246,0
2018-08-06,2.774,2.796483,0
2018-08-13,2.755,2.7619607,0
2018-08-20,2.761,2.7655118,0
2018-08-27,2.759,2.758316,0
2018-09-03,2.765,2.7874405,0
2018-09-10,2.771,2.7882636,0
2018-09-17,2.779,2.7585404,0
2018-09-24,2.796,2.7752523,0
2018-10-01,2.829,2.784731,0
2018-10-08,2.806,2.819999,0
2018-10-15,2.763,2.8126667,0
2018-10-22,2.732,2.7808132,0
2018-10-29,2.67,2.7009203,0
2018-11-05,2.604,2.627032,0
2018-11-12,2.525,2.5559673,0
2018-11-19,2.445,2.4664772,0
2018-11-26,2.35,2.3943615,0
2018-12-03,2.325,2.2736871,0
2018-12-10,2.268,2.2357438,0
2018-12-17,2.216,2.2231321,0
2018-12-24,2.156,2.1858065,0
2018-12-31,2.128,2.1302893,0
2019-01-07,2.143,2.1471903,0
2019-01-14,2.147,2.148523,0
2019-01-21,2.162,2.1591098,0
2019-01-28,2.162,2.180558,0
2019-02-04,2.187,2.1719363,0
2019-02-11,2.23,2.2319553,0
2019-02-18,2.311,2.2522774,0
2019-02-25,2.352,2.3438962,0
2019-03-04,2.399,2.325672,0
2019-03-11,2.477,2.4682653,0
2019-03-18,2.544,2.535487,0
2019-03-25,2.611,2.587159,0
2019-04-01,2.65,2.6058226,0
2019-04-08,2.725,2.634432,0
2019-04-15,2.723,2.7568731,0
2019-04-22,2.761,2.778909,0
2019-04-29,2.771,2.790247,0
2019-05-06,2.735,2.7788296,0
2019-05-13,2.723,2.7531502,0
2019-05-20,2.696,2.7108984,0
2019-05-27,2.691,2.7212613,0
2019-06-03,2.62,2.6319687,0
2019-06-10,2.553,2.5660403,0
2019-06-17,2.541,2.5418131,0
2019-06-24,2.608,2.52761,0
2019-07-01,2.644,2.571823,0
2019-07-08,2.682,2.5966656,0
2019-07-15,2.653,2.626106,0
2019-07-22,2.615,2.644373,0
2019-07-29,2.588,2.6080406,0
2019-08-05,2.524,2.5607014,0
2019-08-12,2.501,2.489006,0
2019-08-19,2.471,2.4650326,0
2019-08-26,2.461,2.4552126,0
2019-09-02,2.45,2.45224,0
2019-09-09,2.454,2.44627,0
2019-09-16,2.561,2.4680417,0
2019-09-23,2.518,2.525562,0
2019-09-30,2.513,2.5098555,0
2019-10-07,2.495,2.4647887,0
2019-10-14,2.512,2.4574907,0
2019-10-21,2.469,2.4638348,0
2019-10-28,2.485,2.487816,0
2019-11-04,2.493,2.487437,0
2019-11-11,2.473,2.4609258,0
2019-11-18,2.469,2.4519815,0
2019-11-25,2.485,2.4584184,0
2019-12-02,2.478,2.4917545,0
2019-12-09,2.448,2.4219353,0
2019-12-16,2.447,2.4595737,0
2019-12-23,2.488,2.4688332,0
2019-12-30,2.494,2.4734914,0
2020-01-06,2.482,2.489218,0
2020-01-13,2.448,2.4990833,0
2020-01-20,2.412,2.4229014,0
2020-01-27,2.358,2.416109,0
2020-02-03,2.324,2.3272429,0
2020-02-10,2.337,2.296981,0
2020-02-17,2.373,2.3106563,0
2020-02-24,2.324,2.3333342,0
2020-03-02,2.272,2.4021485,0
2020-03-09,2.139,2.2321775,0
2020-03-16,2.007,2.0693142,0
2020-03-23,1.886,1.9302021,0
2020-03-30,1.8,1.824468,0
2020-04-06,1.735,1.7512764,0
2020-04-13,1.694,1.7152686,0
2020-04-20,1.655,1.6942253,0
2020-04-27,1.68,1.7116265,0
2020-05-04,1.75,1.6971287,0
2020-05-11,1.776,1.760634,0
2020-05-18,1.87,1.8673524,0
2020-05-25,1.883,1.8882612,0
2020-06-01,1.947,1.9498669,0
2020-06-08,2.017,1.9739705,0
2020-06-15,2.048,2.034798,0
2020-06-22,2.094,2.071965,0
2020-06-29,2.1,2.1150706,0
2020-07-06,2.113,2.1127508,0
2020-07-13,2.099,2.108123,0
2020-07-20,2.085,2.0999365,0
2020-07-27,2.085,2.097312,0
2020-08-03,2.078,2.104432,0
2020-08-10,2.077,2.0878038,0
2020-08-17,2.09,2.1082458,0
2020-08-24,2.135,2.1220553,0
2020-08-31,2.122,2.127607,0
2020-09-07,2.091,2.1068306,0
2020-09-14,2.078,2.0939384,0
2020-09-21,2.088,2.0877037,0
2020-09-28,2.091,2.0957134,0
2020-10-05,2.084,2.1067364,0
2020-10-12,2.064,2.0885124,0
2020-10-19,2.053,2.0860598,0
2020-10-26,2.021,2.0785222,0
2020-11-02,2.004,2.0661838,0
2020-11-09,2.018,2.020665,0
2020-11-16,2.009,2.0188525,0
2020-11-23,2.022,2.0410738,0
2020-11-30,2.063,2.0329378,0
2020-12-07,2.063,2.0737348,0
2020-12-14,2.137,2.1379073,0
2020-12-21,2.158,2.14647,0
2020-12-28,2.16,2.1658554,0
2021-01-04,2.232,2.2005928,0
2021-01-11,2.285,2.204351,0
2021-01-18,2.298,2.3051558,0
2021-01-25,2.316,2.3182082,0
2021-02-01,2.372,2.352915,0
2021-02-08,2.409,2.3910923,0
2021-02-15,2.549,2.5079982,0
2021-02-22,2.625,2.5643444,0
2021-03-01,2.684,2.6415317,0
2021-03-08,2.766,2.7479389,0
2021-03-15,2.78,2.7713497,0
2021-03-22,2.771,2.8170393,0
2021-03-29,2.777,2.788101,0
2021-04-05,2.763,2.7872646,0
2021-04-12,2.767,2.7806683,0
2021-04-19,2.776,2.783122,0
2021-04-26,2.79,2.8211021,0
2021-05-03,2.86,2.8099642,0
2021-05-10,2.928,2.8652134,0
2021-05-17,2.92,2.8761528,0
2021-05-24,2.927,2.9465313,0
2021-05-31,2.935,2.9553993,0
2021-06-07,2.97,2.9555244,0
2021-06-14,2.961,2.9896882,0
2021-06-21,2.99,2.9869964,0
2021-06-28,3.032,3.005043,0
2021-07-05,3.039,3.0357983,0
2021-07-12,3.061,3.054026,0
2021-07-19,3.044,3.0437593,0
2021-07-26,3.059,3.0256374,0
2021-08-02,3.081,3.078694,0
2021-08-09,3.079,3.0654671,0
2021-08-16,3.048,3.0662851,0
2021-08-23,3.041,3.0640824,0
2021-08-30,3.08,3.044614,0
2021-09-06,3.068,3.0918653,0
2021-09-13,3.094,3.081723,0
2021-09-20,3.08,3.0702207,0
2021-09-27,3.093,3.0790837,0
2021-10-04,3.173,3.1260834,0
2021-10-11,3.225,3.154019,0
2021-10-18,3.279,3.2439263,0
2021-10-25,3.28,3.2848432,0
2021-11-01,3.294,3.3387778,0
2021-11-08,3.277,3.2783546,0
2021-11-15,3.271,3.2385876,0
2021-11-22,3.253,3.2250204,0
2021-11-29,3.204,3.2038586,0
2021-12-06,3.178,3.151845,0
2021-12-13,3.154,3.1255744,0
2021-12-20,3.136,3.1382322,0
2021-12-27,3.141,3.1327784,0
2022-01-03,3.164,3.1509602,0
2022-01-10,3.182,3.1722434,0
2022-01-17,3.199,3.19522,0
2022-01-24,3.249,3.2519085,0
2022-01-31,3.33,3.2728567,0
2022-02-07,3.372,3.3887653,0
2022-02-14,3.41,3.4364502,0
2022-02-21,3.486,3.5238516,0
2022-02-28,3.963,3.7921917,0
2022-03-07,4.18,3.9409218,0
2022-03-14,4.091,4.1067,0
2022-03-21,4.078,4.067427,0
2022-03-28,4.021,4.0074925,0
2022-04-04,3.943,3.9827435,0
2022-04-11,3.915,3.9369366,0
2022-04-18,3.959,3.9035304,0
2022-04-25,4.031,4.005501,0
2022-05-02,4.161,4.081512,0
2022-05-09,4.32,4.2707696,0
2022-05-16,4.41,4.3990664,0
2022-05-23,4.439,4.460146,0
2022-05-30,4.702,4.6406655,0
2022-06-06,4.844,4.658088,0
2022-06-13,4.798,4.7031217,0
2022-06-20,4.71,4.6535754,0
2022-06-27,4.619,4.571599,0
2022-07-04,4.501,4.492202,0
2022-07-11,4.35,4.36716,0
2022-07-18,4.183,4.161114,0
2022-07-25,4.034,3.966566,0
2022-08-01,3.879,3.9115608,0
2022-08-08,3.78,3.7582948,0
2022-08-15,3.724,3.721366,0
2022-08-22,3.691,3.7036254,0
2022-08-29,3.617,3.6271732,0
2022-09-05,3.551,3.630553,0
2022-09-12,3.513,3.512283,0
2022-09-19,3.569,3.51686,0
2022-09-26,3.592,3.529374,0
2022-10-03,3.723,3.5756137,0
2022-10-10,3.692,3.6160924,0
2022-10-17,3.609,3.6177375,0
2022-10-24,3.57,3.5880196,0
2022-10-31,3.628,3.5821884,0
2022-11-07,3.606,3.5755274,0
2022-11-14,3.498,3.4865773,0
2022-11-21,3.389,3.418783,0
2022-11-28,3.26,3.3169687,0
2022-12-05,3.109,3.159194,0
2022-12-12,2.994,3.0691454,0
2022-12-19,2.971,2.9767888,0
2022-12-26,3.123,3.0401905,0
2023-01-02,3.167,3.1228793,0
2023-01-09,3.225,3.2348278,0
2023-01-16,3.34,3.2500381,0
2023-01-23,3.417,3.3394873,0
2023-01-30,3.362,3.3986654,0
2023-02-06,3.311,3.381738,0
2023-02-13,3.293,3.3050635,0
2023-02-20,3.25,3.3096714,0
2023-02-27,3.288,3.2758472,0
2023-03-06,3.35,3.2513263,0
2023-03-13,3.321,3.399538,0
2023-03-20,3.304,3.36697,0
2023-03-27,3.384,3.359607,0
2023-04-03,3.493,3.3918927,0
2023-04-10,3.553,3.4633038,0
2023-04-17,3.542,3.5435026,0
2023-04-24,3.48,3.5381305,0
2023-05-01,3.407,3.4542325,0
2023-05-08,3.415,3.43283,0
2023-05-15,3.416,3.3849761,0
2023-05-22,3.443,3.433113,0
2023-05-29,3.414,3.436292,0
2023-06-05,3.475,3.4602995,0
2023-06-12,3.449,3.4226897,0
2023-06-19,3.445,3.4498188,0
2023-06-26,3.397,3.444156,0
2023-07-03,3.42,3.4339254,0
2023-07-10,3.438,3.3989275,0
2023-07-17,3.479,3.4699984,0
2023-07-24,3.65,3.488341,0
2023-07-31,3.731,3.6588895,0
2023-08-07,3.746,3.68964,0
2023-08-14,3.746,3.7243874,0
2023-08-21,3.684,3.7223117,0
2023-08-28,3.68,3.6710768,0
2023-09-04,3.692,3.683915,0
2023-09-11,3.724,3.6142578,0
2023-09-18,3.663,3.624347,0
2023-09-25,3.598,3.609194,0
2023-10-02,3.506,3.5130262,0
2023-10-09,3.404,3.4019253,0
2023-10-16,3.369,3.3111856,0
2023-10-23,3.32,3.2808301,0
2023-10-30,3.245,3.2563999,0
2023-11-06,3.212,3.1804688,0
2023-11-13,3.144,3.1169617,0
2023-11-20,3.088,3.103318,0
2023-11-27,3.104,3.106079,0
2023-12-04,3.014,3.0126255,0
2023-12-11,2.931,2.9978886,0
2023-12-18,3.005,2.977421,0
2023-12-25,2.966,2.9716558,0
2024-01-01,2.945,2.9728527,0
2024-01-08,2.944,2.9550476,0
2024-01-15,2.95,2.9389613,0
2024-01-22,2.979,2.978011,0
2024-01-29,3.021,3.0397885,0
2024-02-05,3.083,3.0697508,0
2024-02-12,3.159,3.1075075,0
2024-02-19,3.145,3.1612084,0
2024-02-26,3.243,3.2435284,0
2024-03-04,3.27,3.227348,0
2024-03-11,3.348,3.3387096,0
2024-03-18,3.409,3.3637536,0
2024-03-25,3.401,3.4546182,0
2024-04-01,3.448,3.4665496,0
2024-04-08,3.479,3.4292386,0
2024-04-15,3.506,3.490508,0
2024-04-22,3.498,3.5255892,0
2024-04-29,3.487,3.496769,0
2024-05-06,3.463,3.4673703,0
2024-05-13,3.451,3.4398353,0
2024-05-20,3.434,3.4081519,0
2024-05-27,3.376,3.402916,0
2024-06-03,3.297,3.3846352,0
2024-06-10,3.31,3.2827244,0
2024-06-17,3.322,3.265499,0
2024-06-24,3.371,3.3102455,0
2024-07-01,3.384,3.3324852,0
2024-07-08,3.388,3.3776767,0
2024-07-15,3.364,3.3737128,0
2024-07-22,3.381,3.3624191,0
2024-07-29,3.357,3.3519623,0
2024-08-05,3.326,3.3178577,0
2024-08-12,3.286,3.2630084,0
2024-08-19,3.212,3.2919242,0
2024-08-26,3.191,3.1847932,0
2024-09-02,3.12,3.1385224,0
2024-09-09,3.057,3.123539,0
2024-09-16,3.074,2.9837453,0
2024-09-23,3.087,3.0117779,0
2024-09-30,3.026,3.0157063,0
2024-10-07,3.069,3.024067,0
2024-10-14,3.044,3.0416749,0
2024-10-21,3.005,3.0117028,0
2024-10-28,2.975,2.9858274,0
2024-11-04,2.962,2.973196,0
2024-11-11,2.95,2.966654,0
2024-11-18,2.946,2.9480855,0
2024-11-25,2.936,2.946442,0
2024-12-02,2.912,2.9367568,0
2024-12-09,2.933,2.8928702,0
2024-12-16,2.935,2.9293442,0
2024-12-23,2.914,2.9569995,0
2024-12-30,2.958,2.8842363,0
2025-01-06,2.95,2.929671,0
2025-01-13,3.011,2.9897985,0
2025-01-20,3.006,3.018071,0
2025-01-27,2.972,3.0127506,0
2025-02-03,3.022,3.010763,0
2025-02-10,3.021,3.0061252,0
2025-02-17,2.997,3.0015612,0
2025-02-24,2.951,3.003104,0
2025-03-03,2.947,2.9979427,0
2025-03-10,2.943,2.9884808,0
2025-03-17,2.999,2.9730918,0
2025-03-24,3.04,3.0073297,0
2025-03-31,3.118,3.0705175,0
2025-04-07,3.043,3.0680943,0
2025-04-14,3.02,3.0423079,0
2025-04-21,3.013,3.0223038,0
2025-04-28,3.031,3.0187972,0
2025-05-05,2.986,3.0183594,0
2025-05-12,3.041,3.021574,0
2025-05-19,3.03,3.0320933,0
2025-05-26,3.008,3.0200195,0
2025-06-02,2.99,3.0084612,0
2025-06-09,3.023,3.0079257,0
2025-06-16,3.102,3.0223198,0
2025-06-23,3.047,3.0627377,0
2025-06-30,3.013,3.0485542,0
2025-07-07,3.018,3.0099952,0
2025-07-14,3.018,3.0115082,0
2025-07-21,3.023,3.0127885,0
2025-07-28,3.036,3.0102818,0
2025-08-04,3.016,3.0142765,0
2025-08-11,3.018,3.014408,0
2025-08-18,3.038,3.0121136,0
2025-08-25,3.058,3.0183764,0
2025-09-01,3.069,3.0284348,0
2025-09-08,3.036,3.039335,0
2025-09-15,3.05,3.0160859,0
2025-09-22,2.994,3.0115955,0
2025-09-29,3.0,3.0077498,0
2025-10-06,2.932,2.9900644,0
2025-10-13,2.898,2.919429,0
2025-10-20,2.92,2.8667927,0
2025-10-27,2.898,2.8683712,0
2025-11-03,2.927,2.9038115,0
2025-11-10,2.939,2.8806288,0
2025-11-17,2.936,2.930709,0
2025-11-24,2.854,2.9459774,0
2025-12-01,2.819,2.861478,0
2025-12-08,2.773,2.7506554,0
2025-12-15,2.72,2.7103217,0
2025-12-22,2.69,2.683215,0
2025-12-29,2.681,2.6509943,0
2026-01-05,2.665,2.6341588,0
2026-01-12,2.7,2.6562073,0
2026-01-19,2.747,2.7063825,0
2026-01-26,2.747,2.7030933,0
2026-02-02,2.77,2.7677925,0
2026-02-09,2.79,2.7834737,0
2026-02-16,2.796,2.8837483,0
2026-02-23,2.884,2.8534148,0
2026-03-02,3.364,3.1655712,0
2026-03-09,3.566,3.4268074,0
2026-03-16,3.788,3.7521603,0
2026-03-23,3.814,3.7952034,0
2026-03-30,3.947,3.9079762,0
2026-04-06,3.962,3.947134,0
2026-04-13,3.885,3.9442694,0
2026-04-20,3.948,3.9565,0
2026-04-27,4.305,4.15649,0
2026-05-04,4.353,4.2832527,0
2026-05-11,4.334,4.34742,0
2026-05-18,4.327,4.299092,0
2026-05-25,4.138,4.2330575,0
2026-06-01,3.986,4.0575395,0
2026-06-08,3.908,3.8367774,0
2026-06-15,3.771,3.7648926,0
2026-06-22,3.7,3.7361538,0
2026-06-29,3.645,3.695361,0
2026-07-06,3.728,3.729388,0
2026-07-13,3.863,3.745512,0
2026-07-20,3.952,3.8853257,0
2026-07-27,3.935,3.9329689,0
2026-08-03,3.864,3.9076378,0
2026-08-10,,3.7909546,1
